<?xml version="1.0" encoding="utf-8" ?>
<data>
	<category>
		<name>Autos &amp; Vehicles</name>
		<url>http://gdata.youtube.com/feeds/api/videos/-/Autos</url>
	</category>
	<category>
		<name>Comedy</name>
		<url>http://gdata.youtube.com/feeds/api/videos/-/Comedy</url>
	</category>
	<category>
		<name>Education</name>
		<url>http://gdata.youtube.com/feeds/api/videos/-/Education</url>
	</category>
	<category>
		<name>Entertainment</name>
		<url>http://gdata.youtube.com/feeds/api/videos/-/Entertainment</url>
	</category>
	<category>
		<name>Film &amp; Animation</name>
		<url>http://gdata.youtube.com/feeds/api/videos/-/Film</url>
	</category>
	<category>
		<name>Gaming</name>
		<url>http://gdata.youtube.com/feeds/api/videos/-/Gaming</url>
	</category>
	<category>
		<name>Howto &amp; Style</name>
		<url>http://gdata.youtube.com/feeds/api/videos/-/Howto</url>
	</category>
	<category>
		<name>Music</name>
		<url>http://gdata.youtube.com/feeds/api/videos/-/Music</url>
	</category>
	<category>
		<name>News &amp; Politics</name>
		<url>http://gdata.youtube.com/feeds/api/videos/-/News</url>
	</category>
	<category>
		<name>Nonprofits &amp; Activism</name>
		<url>http://gdata.youtube.com/feeds/api/videos/-/Nonprofit</url>
	</category>
	<category>
		<name>People &amp; Blogs</name>
		<url>http://gdata.youtube.com/feeds/api/videos/-/People</url>
	</category>
	<category>
		<name>Pets &amp; Animals</name>
		<url>http://gdata.youtube.com/feeds/api/videos/-/Animals</url>
	</category>
	<category>
		<name>Science &amp; Technology</name>
		<url>http://gdata.youtube.com/feeds/api/videos/-/Tech</url>
	</category>
	<category>
		<name>Sports</name>
		<url>http://gdata.youtube.com/feeds/api/videos/-/Sports</url>
	</category>
	<category>
		<name>Travel &amp; Events</name>
		<url>http://gdata.youtube.com/feeds/api/videos/-/Travel</url>
	</category>
</data>