<?xml version="1.0" encoding="utf-8" ?>
<data>
	<category>
		<name>Top rated</name>
		<id>top_rated</id>
		<url>http://gdata.youtube.com/feeds/api/standardfeeds/top_rated</url>
		<description>This feed contains the most highly rated YouTube videos.</description>
	</category>
	<category>
		<name>Top favorites</name>
		<id>top_favorites</id>
		<url>http://gdata.youtube.com/feeds/api/standardfeeds/top_favorites</url>
		<description>This feed contains videos most frequently flagged as favorite videos.</description>
	</category>
	<category>
		<name>Most viewed</name>
		<id>most_viewed</id>
		<url>http://gdata.youtube.com/feeds/api/standardfeeds/most_viewed</url>
		<description>This feed contains the most frequently watched YouTube videos.</description>
	</category>
	<category>
		<name>Most shared</name>
		<id>most_shared</id>
		<url>http://gdata.youtube.com/feeds/api/standardfeeds/most_shared</url>
		<description>This feed lists the YouTube videos most frequently shared on Facebook and Twitter. This feed is available as an experimental feature.</description>
	</category>
	<category>
		<name>Most popular</name>
		<id>most_popular</id>
		<url>http://gdata.youtube.com/feeds/api/standardfeeds/most_popular</url>
		<description>This feed contains the most popular YouTube videos, selected using an algorithm that combines many different signals to determine overall popularity.</description>
	</category>
	<category>
		<name>Most recent</name>
		<id>most_recent</id>
		<url>http://gdata.youtube.com/feeds/api/standardfeeds/most_recent</url>
		<description>This feed contains the videos most recently submitted to YouTube.</description>
	</category>
	<category>
		<name>Most discussed</name>
		<id>most_discussed</id>
		<url>http://gdata.youtube.com/feeds/api/standardfeeds/most_discussed</url>
		<description>This feed contains the YouTube videos that have received the most comments.</description>
	</category>
	<category>
		<name>Most responded</name>
		<id>most_responded</id>
		<url>http://gdata.youtube.com/feeds/api/standardfeeds/most_responded</url>
		<description>This feed contains YouTube videos that receive the most video responses.</description>
	</category>
	<category>
		<name>Recently featured</name>
		<id>recently_featured</id>
		<url>http://gdata.youtube.com/feeds/api/standardfeeds/recently_featured</url>
		<description>This feed contains videos recently featured on the YouTube home page or featured videos tab.</description>
	</category>
	<category>
		<name>Trending videos</name>
		<id>on_the_web</id>
		<url>http://gdata.youtube.com/feeds/api/standardfeeds/on_the_web</url>
		<description>This feed lists trending videos as seen on YouTube Trends, which surfaces popular videos as their popularity is increasing and also analyzes broader trends developing within the YouTube community. This feed is available as an experimental feature.</description>
	</category>
</data>