<?xml version="1.0" encoding="utf-8" ?>
<data>
	<category label="Top Rated" id="top_rated" url="http://gdata.youtube.com/feeds/api/standardfeeds/top_rated" description="This feed contains the most highly rated YouTube videos."/>
	<category label="Top Favorites" id="top_favorites" url="http://gdata.youtube.com/feeds/api/standardfeeds/top_favorites" description="This feed contains videos most frequently flagged as favorite videos."/>
	<category label="Most Viewed" id="most_viewed" url="http://gdata.youtube.com/feeds/api/standardfeeds/most_viewed" description="This feed contains the most frequently watched YouTube videos."/>
	<category label="Most Shared" id="most_shared" url="http://gdata.youtube.com/feeds/api/standardfeeds/most_shared" description="This feed lists the YouTube videos most frequently shared on Facebook and Twitter. This feed is available as an experimental feature."/>
	<category label="Most Popular" id="most_popular" url="http://gdata.youtube.com/feeds/api/standardfeeds/most_popular" description="This feed contains the most popular YouTube videos, selected using an algorithm that combines many different signals to determine overall popularity."/>
	<category label="Most Recent" id="most_recent" url="http://gdata.youtube.com/feeds/api/standardfeeds/most_recent" description="This feed contains the videos most recently submitted to YouTube."/>
	<category label="Most Discussed" id="most_discussed" url="http://gdata.youtube.com/feeds/api/standardfeeds/most_discussed" description="This feed contains the YouTube videos that have received the most comments."/>
	<category label="Most Responded" id="most_responded" url="http://gdata.youtube.com/feeds/api/standardfeeds/most_responded" description="This feed contains YouTube videos that receive the most video responses."/>
	<category label="Recently Featured" id="recently_featured" url="http://gdata.youtube.com/feeds/api/standardfeeds/recently_featured" description="This feed contains videos recently featured on the YouTube home page or featured videos tab."/>
	<category label="Trending Videos" id="on_the_web" url="http://gdata.youtube.com/feeds/api/standardfeeds/on_the_web" description="This feed lists trending videos as seen on YouTube Trends, which surfaces popular videos as their popularity is increasing and also analyzes broader trends developing within the YouTube community. This feed is available as an experimental feature."/>
	<category label="All Categories" id="all_categories" url="none" description="This will change the standard feed categories to view all categories."/>
</data>